Time,EXX,SXX
0.0,0.0,0.0
0.5,0.00025,53.1213
1.0,0.0005,106.243
1.5,0.00075,159.364
2.0,0.001,212.485
2.5,0.00125,265.606
3.0,0.0015,309.926
3.5,0.00175,322.294
4.0,0.002,333.56
4.5,0.00225,343.775
5.0,0.0025,352.993
5.5,0.00275,361.275
6.0,0.003,368.687
6.5,0.00325,375.293
7.0,0.0035,381.161
7.5,0.00375,386.357
8.0,0.004,390.945
8.5,0.00425,394.988
9.0,0.0045,398.543
9.5,0.00475,401.665
10.0,0.005,404.402
10.5,0.00475,351.476
11.0,0.0045,298.355
11.5,0.00425,245.233
12.0,0.004,192.112
12.5,0.00375,138.991
13.0,0.0035,85.8697
13.5,0.00325,32.7485
14.0,0.003,-20.3728
14.5,0.00275,-73.494
15.0,0.0025,-126.615
15.5,0.00225,-179.737
16.0,0.002,-221.179
16.5,0.00175,-240.259
17.0,0.0015,-258.12
17.5,0.00125,-274.761
18.0,0.001,-290.192
18.5,0.00075,-304.43
19.0,0.0005,-317.503
19.5,0.00025,-329.448
20.0,0.0,-340.308
20.5,0.00025,-287.382
21.0,0.0005,-234.26
21.5,0.00075,-181.139
22.0,0.001,-128.018
22.5,0.00125,-74.8966
23.0,0.0015,-21.7753
23.5,0.00175,31.3459
24.0,0.002,84.4672
24.5,0.00225,137.588
25.0,0.0025,190.71
25.5,0.00275,243.831
26.0,0.003,285.417
26.5,0.00325,300.118
27.0,0.0035,313.641
27.5,0.00375,326.02
28.0,0.004,337.297
28.5,0.00425,347.52
29.0,0.0045,356.746
29.5,0.00475,365.034
30.0,0.005,372.449
30.5,0.00475,319.523
31.0,0.0045,266.402
31.5,0.00425,213.281
32.0,0.004,160.159
32.5,0.00375,107.038
33.0,0.0035,53.9169
33.5,0.00325,0.795661
34.0,0.003,-52.3256
34.5,0.00275,-105.447
35.0,0.0025,-158.568
35.5,0.00225,-211.689
36.0,0.002,-255.504
36.5,0.00175,-272.465
37.0,0.0015,-288.212
37.5,0.00125,-302.76
38.0,0.001,-316.135
38.5,0.00075,-328.37
39.0,0.0005,-339.508
39.5,0.00025,-349.599
40.0,0.0,-358.699
40.5,0.00025,-305.773
41.0,0.0005,-252.652
41.5,0.00075,-199.531
42.0,0.001,-146.409
42.5,0.00125,-93.2881
43.0,0.0015,-40.1669
43.5,0.00175,12.9544
44.0,0.002,66.0756
44.5,0.00225,119.197
45.0,0.0025,172.318
45.5,0.00275,225.439
46.0,0.003,270.501
46.5,0.00325,286.503
47.0,0.0035,301.301
47.5,0.00375,314.92
48.0,0.004,327.391
48.5,0.00425,338.756
49.0,0.0045,349.062
49.5,0.00475,358.364
50.0,0.005,366.724
